2025-11-11_17-05-06,100,draft.py:2025-11-11_17-05-06
2025-11-19_02-29-22,100,draft.py:2025-11-11_17-05-06
2025-11-19_02-36-13,100,draft.py:2025-11-11_17-05-06
2025-11-19_03-11-54,0,draft.py:2025-11-19_03-11-54
2025-11-19_08-36-55,0,draft.py:2025-11-19_03-11-54
2025-11-19_08-51-45,100,draft.py:2025-11-19_08-51-45
2025-11-19_08-55-33,100,draft.py:2025-11-19_08-55-33
2025-11-19_08-56-39,100,draft.py:2025-11-19_08-55-33
2025-11-19_08-56-40,100,draft.py:2025-11-19_08-55-33
2025-11-19_09-17-29,100,draft.py:2025-11-19_09-17-29
2025-11-19_09-18-51,100,draft.py:2025-11-19_09-18-51
2025-11-19_09-27-40,0,draft.py:2025-11-19_09-27-40
2025-11-19_09-27-49,100,draft.py:2025-11-19_09-27-49
2025-11-19_09-28-32,100,draft.py:2025-11-19_09-27-49
2025-11-19_09-30-46,100,draft.py:2025-11-19_09-27-49
2025-11-19_09-30-47,100,draft.py:2025-11-19_09-27-49
2025-11-19_17-00-48,100,draft.py:2025-11-19_09-27-49
2025-11-19_17-01-31,100,draft.py:2025-11-19_09-27-49
2025-11-19_23-37-36,100,draft.py:2025-11-19_09-27-49
